{"cameraMode":{"drawMode":3,"name":"Shadow Cascades","section":"Miscellaneous"},"sceneLighting":true,"audioPlay":false,"sceneViewState":{"showFog":true,"showMaterialUpdate":false,"showSkybox":true,"showFlares":true,"showImageEffects":true,"showParticleSystems":true},"in2DMode":false,"pivot":{"x":0.009804069995880127,"y":-0.03224468231201172,"z":-0.0039795637130737309},"rotation":{"x":-0.5058789253234863,"y":-0.00180248508695513,"z":0.0010635857470333577,"w":-0.8626087307929993},"size":77.33109283447266,"orthographic":true}