{"cameraMode":{"drawMode":3,"name":"Shadow Cascades","section":"Miscellaneous"},"sceneLighting":true,"audioPlay":false,"sceneViewState":{"showFog":true,"showMaterialUpdate":false,"showSkybox":true,"showFlares":true,"showImageEffects":true,"showParticleSystems":true},"in2DMode":false,"pivot":{"x":-2758.6787109375,"y":913.8753662109375,"z":-7684.9228515625},"rotation":{"x":-0.01941012032330036,"y":-0.1987161934375763,"z":0.003951388411223888,"w":-0.9798632860183716},"size":6169.8076171875,"orthographic":false}