{"cameraMode":{"drawMode":3,"name":"Shadow Cascades","section":"Miscellaneous"},"sceneLighting":true,"audioPlay":false,"sceneViewState":{"showFog":true,"showMaterialUpdate":false,"showSkybox":true,"showFlares":true,"showImageEffects":true,"showParticleSystems":true},"in2DMode":false,"pivot":{"x":6.590000152587891,"y":4.849999904632568,"z":-27.760000228881837},"rotation":{"x":-0.3073038160800934,"y":-0.3944718539714813,"z":0.14191463589668275,"w":-0.8543000817298889},"size":46.6734733581543,"orthographic":false}