{"cameraMode":{"drawMode":3,"name":"Shadow Cascades","section":"Miscellaneous"},"sceneLighting":true,"audioPlay":false,"sceneViewState":{"showFog":true,"showMaterialUpdate":false,"showSkybox":true,"showFlares":true,"showImageEffects":true,"showParticleSystems":true},"in2DMode":false,"pivot":{"x":-0.5082651376724243,"y":2.0290608406066896,"z":-109.97010803222656},"rotation":{"x":-0.5058789253234863,"y":-0.00180248508695513,"z":0.0010635857470333577,"w":-0.8626087307929993},"size":0.8683650493621826,"orthographic":true}